pixel_x,time_s,pointing_error_arcmin
126,0.0,0.7445008460236886
127,1.9073569482288828,0.6704737732656514
128,3.8147138964577656,0.61336717428088
129,5.722070844686648,0.5478003384094754
130,7.629427792915531,0.5097292724196278
131,9.536784741144414,0.5033840947546531
132,11.444141689373296,0.501269035532995
133,13.35149863760218,0.49915397631133684
134,15.258855585831062,0.48223350253807107
135,17.166212534059948,0.4653130287648053
136,19.07356948228883,0.4568527918781724
137,20.98092643051771,0.4441624365482233
138,22.888283378746593,0.4441624365482233
139,24.79564032697548,0.4547377326565143
140,26.70299727520436,0.45050761421319807
141,28.61035422343324,0.4526226734348562
142,30.517711171662125,0.4674280879864634
143,32.42506811989101,0.4653130287648053
144,34.332425068119896,0.4653130287648053
145,36.23978201634878,0.4547377326565143
146,38.14713896457766,0.4526226734348562
147,40.05449591280654,0.4526226734348562
148,41.96185286103542,0.44839255499153996
149,43.869209809264305,0.4441624365482233
150,45.776566757493185,0.4420473773265652
151,47.68392370572207,0.43993231810490707
152,49.59128065395096,0.4357021996615904
153,51.49863760217984,0.4272419627749575
154,53.40599455040872,0.4230118443316413
155,55.3133514986376,0.4187817258883251
156,57.22070844686648,0.4145516074450084
157,59.12806539509537,0.4103214890016922
158,61.03542234332425,0.4060913705583755
159,62.94277929155313,0.4103214890016922
160,64.85013623978202,0.4103214890016922
161,66.7574931880109,0.4124365482233503
162,68.66485013623979,0.4187817258883251
163,70.57220708446867,0.4187817258883251
164,72.47956403269755,0.4187817258883251
165,74.38692098092643,0.4187817258883251
166,76.29427792915531,0.4230118443316413
167,78.2016348773842,0.4187817258883251
168,80.10899182561307,0.4187817258883251
169,82.01634877384195,0.4166666666666665
170,83.92370572207084,0.4187817258883251
171,85.83106267029973,0.4187817258883251
172,87.73841961852861,0.4145516074450084
173,89.64577656675749,0.4145516074450084
174,91.55313351498637,0.4145516074450084
175,93.46049046321527,0.4124365482233503
176,95.36784741144415,0.4103214890016922
177,97.27520435967303,0.4103214890016922
178,99.18256130790192,0.4060913705583755
179,101.08991825613079,0.4060913705583755
180,102.99727520435968,0.4060913705583755
181,104.90463215258855,0.4060913705583755
182,106.81198910081744,0.4060913705583755
183,108.71934604904631,0.4039763113367174
184,110.6267029972752,0.4018612521150593
185,112.53405994550408,0.4018612521150593
186,114.44141689373296,0.4018612521150593
187,116.34877384196186,0.4018612521150593
188,118.25613079019074,0.4018612521150593
189,120.16348773841962,0.4018612521150593
190,122.0708446866485,0.4018612521150593
191,123.9782016348774,0.4018612521150593
192,125.88555858310626,0.4018612521150593
193,127.79291553133515,0.4018612521150593
194,129.70027247956403,0.4018612521150593
195,131.60762942779292,0.39763113367174263
196,133.5149863760218,0.39763113367174263
197,135.42234332425068,0.39763113367174263
198,137.32970027247958,0.39763113367174263
199,139.23705722070844,0.39763113367174263
200,141.14441416893735,0.39763113367174263
201,143.0517711171662,0.39763113367174263
202,144.9591280653951,0.39763113367174263
203,146.86648501362396,0.39763113367174263
204,148.77384196185287,0.39763113367174263
205,150.68119891008175,0.39763113367174263
206,152.58855585831063,0.3934010152284264
207,154.4959128065395,0.3934010152284264
208,156.4032697547684,0.3934010152284264
209,158.31062670299727,0.3934010152284264
210,160.21798365122615,0.3934010152284264
211,162.12534059945506,0.3934010152284264
212,164.0326975476839,0.3912859560067683
213,165.94005449591282,0.3891708967851102
214,167.84741144414167,0.3912859560067683
215,169.75476839237058,0.3891708967851102
216,171.66212534059946,0.3891708967851102
217,173.56948228882834,0.3891708967851102
218,175.47683923705722,0.3934010152284264
219,177.38419618528613,0.3891708967851102
220,179.29155313351498,0.3891708967851102
221,181.19891008174386,0.3891708967851102
222,183.10626702997274,0.3891708967851102
223,185.01362397820165,0.3891708967851102
224,186.92098092643053,0.3891708967851102
225,188.82833787465938,0.3891708967851102
226,190.7356948228883,0.3891708967851102
227,192.64305177111717,0.38705583756345163
228,194.55040871934605,0.3891708967851102
229,196.45776566757493,0.3891708967851102
230,198.36512261580384,0.3891708967851102
231,200.2724795640327,0.3891708967851102
232,202.17983651226157,0.3849407783417935
233,204.08719346049045,0.3849407783417935
234,205.99455040871936,0.3849407783417935
235,207.90190735694824,0.3849407783417935
236,209.8092643051771,0.3849407783417935
237,211.716621253406,0.3891708967851102
238,213.62397820163488,0.3891708967851102
239,215.53133514986376,0.3891708967851102
240,217.43869209809262,0.3849407783417935
241,219.34604904632155,0.3891708967851102
242,221.2534059945504,0.3849407783417935
243,223.1607629427793,0.38705583756345163
244,225.06811989100817,0.3891708967851102
245,226.97547683923707,0.3891708967851102
246,228.88283378746593,0.3891708967851102
247,230.7901907356948,0.3891708967851102
248,232.69754768392372,0.3891708967851102
249,234.6049046321526,0.3891708967851102
250,236.51226158038148,0.3891708967851102
251,238.41961852861033,0.3891708967851102
252,240.32697547683924,0.3891708967851102
253,242.23433242506812,0.3891708967851102
254,244.141689373297,0.3891708967851102
255,246.0490463215259,0.3891708967851102
256,247.9564032697548,0.3891708967851102
257,249.86376021798364,0.3891708967851102
258,251.77111716621252,0.3891708967851102
259,253.67847411444143,0.3891708967851102
260,255.5858310626703,0.3934010152284264
261,257.4931880108992,0.3891708967851102
262,259.40054495912807,0.3891708967851102
263,261.30790190735695,0.3891708967851102
264,263.21525885558583,0.3891708967851102
265,265.1226158038147,0.3891708967851102
266,267.0299727520436,0.3891708967851102
267,268.93732970027247,0.3891708967851102
268,270.84468664850135,0.3891708967851102
269,272.75204359673023,0.3891708967851102
270,274.65940054495917,0.3891708967851102
271,276.566757493188,0.3891708967851102
272,278.4741144414169,0.3891708967851102
273,280.38147138964575,0.3891708967851102
274,282.2888283378747,0.3891708967851102
275,284.1961852861035,0.3891708967851102
276,286.1035422343324,0.3891708967851102
277,288.01089918256133,0.3891708967851102
278,289.9182561307902,0.3934010152284264
279,291.8256130790191,0.3891708967851102
280,293.7329700272479,0.3934010152284264
281,295.64032697547685,0.3891708967851102
282,297.54768392370573,0.3891708967851102
283,299.4550408719346,0.3934010152284264
284,301.3623978201635,0.3912859560067683
285,303.2697547683924,0.3891708967851102
286,305.17711171662125,0.3891708967851102
287,307.08446866485014,0.3912859560067683
288,308.991825613079,0.3934010152284264
289,310.8991825613079,0.3934010152284264
290,312.8065395095368,0.3934010152284264
291,314.71389645776566,0.3934010152284264
292,316.62125340599454,0.3934010152284264
293,318.5286103542234,0.3934010152284264
294,320.4359673024523,0.3934010152284264
295,322.34332425068123,0.3934010152284264
296,324.2506811989101,0.3934010152284264
297,326.15803814713894,0.3934010152284264
298,328.0653950953678,0.3934010152284264
299,329.97275204359676,0.3934010152284264
300,331.88010899182564,0.3934010152284264
301,333.7874659400545,0.3934010152284264
302,335.69482288828334,0.3934010152284264
303,337.6021798365123,0.3934010152284264
304,339.50953678474116,0.3934010152284264
305,341.41689373297004,0.3934010152284264
306,343.3242506811989,0.3934010152284264
307,345.2316076294278,0.3934010152284264
308,347.1389645776567,0.3934010152284264
309,349.04632152588556,0.3934010152284264
310,350.95367847411444,0.3891708967851102
311,352.8610354223433,0.3891708967851102
312,354.76839237057226,0.3891708967851102
313,356.6757493188011,0.3891708967851102
314,358.58310626702996,0.3891708967851102
315,360.4904632152589,0.3891708967851102
316,362.3978201634877,0.3891708967851102
317,364.30517711171666,0.3891708967851102
318,366.2125340599455,0.3891708967851102
319,368.11989100817436,0.3891708967851102
320,370.0272479564033,0.3891708967851102
321,371.9346049046321,0.3891708967851102
322,373.84196185286106,0.3891708967851102
323,375.74931880108994,0.3891708967851102
324,377.65667574931877,0.3891708967851102
325,379.5640326975477,0.3891708967851102
326,381.4713896457766,0.3891708967851102
327,383.37874659400546,0.3891708967851102
328,385.28610354223434,0.3891708967851102
329,387.19346049046317,0.3891708967851102
330,389.1008174386921,0.3849407783417935
331,391.008174386921,0.3891708967851102
332,392.91553133514986,0.3849407783417935
333,394.82288828337875,0.3849407783417935
334,396.7302452316077,0.3849407783417935
335,398.6376021798365,0.3849407783417935
336,400.5449591280654,0.3891708967851102
337,402.4523160762943,0.3849407783417935
338,404.35967302452315,0.3891708967851102
339,406.2670299727521,0.3849407783417935
340,408.1743869209809,0.3849407783417935
341,410.0817438692098,0.3849407783417935
342,411.9891008174387,0.3849407783417935
343,413.89645776566755,0.3849407783417935
344,415.8038147138965,0.3849407783417935
345,417.71117166212537,0.3849407783417935
346,419.6185286103542,0.3891708967851102
347,421.5258855585831,0.3891708967851102
348,423.433242506812,0.3891708967851102
349,425.34059945504083,0.3891708967851102
350,427.24795640326977,0.3891708967851102
351,429.1553133514986,0.3891708967851102
352,431.06267029972753,0.3891708967851102
353,432.9700272479564,0.3891708967851102
354,434.87738419618523,0.3891708967851102
355,436.78474114441417,0.3891708967851102
356,438.6920980926431,0.3891708967851102
357,440.59945504087193,0.3891708967851102
358,442.5068119891008,0.3891708967851102
359,444.41416893732975,0.3891708967851102
360,446.3215258855586,0.3891708967851102
361,448.22888283378745,0.3891708967851102
362,450.13623978201633,0.3891708967851102
363,452.0435967302452,0.3891708967851102
364,453.95095367847415,0.3891708967851102
365,455.858310626703,0.3891708967851102
366,457.76566757493185,0.3891708967851102
367,459.6730245231608,0.3891708967851102
368,461.5803814713896,0.3891708967851102
369,463.48773841961855,0.3891708967851102
370,465.39509536784743,0.3891708967851102
371,467.30245231607626,0.3891708967851102
372,469.2098092643052,0.3891708967851102
373,471.117166212534,0.3891708967851102
374,473.02452316076295,0.3891708967851102
375,474.93188010899183,0.3891708967851102
376,476.83923705722066,0.3891708967851102
377,478.7465940054496,0.3891708967851102
378,480.6539509536785,0.3891708967851102
379,482.56130790190736,0.3891708967851102
380,484.46866485013624,0.3891708967851102
381,486.3760217983652,0.3891708967851102
382,488.283378746594,0.3849407783417935
383,490.1907356948229,0.3891708967851102
384,492.0980926430518,0.3849407783417935
385,494.00544959128064,0.3891708967851102
386,495.9128065395096,0.3891708967851102
387,497.8201634877384,0.3891708967851102
388,499.7275204359673,0.3891708967851102
389,501.6348773841962,0.3891708967851102
390,503.54223433242504,0.3891708967851102
391,505.449591280654,0.3891708967851102
392,507.35694822888286,0.3891708967851102
393,509.2643051771117,0.3891708967851102
394,511.1716621253406,0.3891708967851102
395,513.0790190735695,0.3891708967851102
396,514.9863760217984,0.3891708967851102
397,516.8937329700273,0.3891708967851102
398,518.8010899182561,0.3891708967851102
399,520.708446866485,0.3891708967851102
400,522.6158038147139,0.3891708967851102
401,524.5231607629428,0.3891708967851102
402,526.4305177111717,0.3891708967851102
403,528.3378746594005,0.3849407783417935
404,530.2452316076294,0.3891708967851102
405,532.1525885558583,0.3891708967851102
406,534.0599455040872,0.3891708967851102
407,535.9673024523161,0.3891708967851102
408,537.8746594005449,0.38705583756345163
409,539.7820163487738,0.3891708967851102
410,541.6893732970027,0.3849407783417935
411,543.5967302452316,0.3849407783417935
412,545.5040871934605,0.3849407783417935
413,547.4114441416893,0.3849407783417935
414,549.3188010899183,0.3849407783417935
415,551.2261580381471,0.3849407783417935
416,553.133514986376,0.3849407783417935
417,555.040871934605,0.3849407783417935
418,556.9482288828337,0.3849407783417935
419,558.8555858310627,0.3849407783417935
420,560.7629427792915,0.3849407783417935
421,562.6702997275204,0.3849407783417935
422,564.5776566757494,0.3849407783417935
423,566.4850136239781,0.3849407783417935
424,568.392370572207,0.3849407783417935
425,570.299727520436,0.3849407783417935
426,572.2070844686648,0.3849407783417935
427,574.1144414168938,0.3849407783417935
428,576.0217983651227,0.3849407783417935
429,577.9291553133514,0.3849407783417935
430,579.8365122615804,0.3849407783417935
431,581.7438692098092,0.3849407783417935
432,583.6512261580382,0.3849407783417935
433,585.5585831062671,0.3849407783417935
434,587.4659400544958,0.3849407783417935
435,589.3732970027248,0.3849407783417935
436,591.2806539509537,0.3849407783417935
437,593.1880108991826,0.3849407783417935
438,595.0953678474115,0.3849407783417935
439,597.0027247956403,0.3849407783417935
440,598.9100817438692,0.3849407783417935
441,600.8174386920981,0.3849407783417935
442,602.724795640327,0.3849407783417935
443,604.6321525885559,0.3849407783417935
444,606.5395095367847,0.3849407783417935
445,608.4468664850136,0.3849407783417935
446,610.3542234332425,0.3849407783417935
447,612.2615803814714,0.3849407783417935
448,614.1689373297003,0.3849407783417935
449,616.0762942779292,0.3807106598984773
450,617.983651226158,0.3849407783417935
451,619.8910081743869,0.3849407783417935
452,621.7983651226158,0.3849407783417935
453,623.7057220708447,0.3807106598984773
454,625.6130790190736,0.3807106598984773
455,627.5204359673024,0.3807106598984773
456,629.4277929155313,0.3807106598984773
457,631.3351498637602,0.3807106598984773
458,633.2425068119891,0.3807106598984773
459,635.149863760218,0.3807106598984773
460,637.0572207084468,0.3807106598984773
461,638.9645776566758,0.3807106598984773
462,640.8719346049046,0.3807106598984773
463,642.7792915531335,0.3807106598984773
464,644.6866485013625,0.3807106598984773
465,646.5940054495912,0.3807106598984773
466,648.5013623978202,0.3807106598984773
467,650.408719346049,0.3807106598984773
468,652.3160762942779,0.3807106598984773
469,654.2234332425069,0.3807106598984773
470,656.1307901907356,0.3807106598984773
471,658.0381471389646,0.3807106598984773
472,659.9455040871935,0.3807106598984773
473,661.8528610354223,0.3807106598984773
474,663.7602179836513,0.3807106598984773
475,665.6675749318802,0.3807106598984773
476,667.574931880109,0.3807106598984773
477,669.4822888283379,0.3807106598984773
478,671.3896457765667,0.3807106598984773
479,673.2970027247957,0.3807106598984773
480,675.2043596730246,0.3807106598984773
481,677.1117166212534,0.3807106598984773
482,679.0190735694823,0.3807106598984773
483,680.9264305177112,0.3807106598984773
484,682.8337874659401,0.3807106598984773
485,684.741144414169,0.3807106598984773
486,686.6485013623978,0.3807106598984773
487,688.5558583106267,0.3807106598984773
488,690.4632152588556,0.3807106598984773
489,692.3705722070845,0.3807106598984773
490,694.2779291553134,0.3807106598984773
491,696.1852861035422,0.3807106598984773
492,698.0926430517711,0.3807106598984773
493,700.0,0.3807106598984773
494,701.9073569482289,0.3807106598984773
495,703.8147138964579,0.3807106598984773
496,705.7220708446866,0.3807106598984773
497,707.6294277929155,0.3807106598984773
498,709.5367847411445,0.3807106598984773
499,711.4441416893733,0.3807106598984773
500,713.3514986376022,0.3807106598984773
501,715.2588555858312,0.3807106598984773
502,717.1662125340599,0.3807106598984773
503,719.0735694822888,0.3807106598984773
504,720.9809264305178,0.3807106598984773
505,722.8882833787466,0.3807106598984773
506,724.7956403269754,0.3849407783417935
507,726.7029972752043,0.3849407783417935
508,728.6103542234333,0.3849407783417935
509,730.5177111716621,0.3849407783417935
510,732.425068119891,0.3849407783417935
511,734.33242506812,0.3849407783417935
512,736.2397820163487,0.3849407783417935
513,738.1471389645776,0.3849407783417935
514,740.0544959128066,0.3849407783417935
515,741.9618528610354,0.3849407783417935
516,743.8692098092642,0.3849407783417935
517,745.7765667574932,0.3849407783417935
518,747.6839237057221,0.3849407783417935
519,749.5912806539509,0.3849407783417935
520,751.4986376021799,0.3849407783417935
521,753.4059945504088,0.3849407783417935
522,755.3133514986375,0.3849407783417935
523,757.2207084468665,0.3849407783417935
524,759.1280653950954,0.3849407783417935
525,761.0354223433242,0.3828257191201354
526,762.9427792915532,0.3807106598984773
527,764.850136239782,0.3807106598984773
528,766.7574931880109,0.3849407783417935
529,768.6648501362397,0.3849407783417935
530,770.5722070844687,0.3849407783417935
531,772.4795640326976,0.3849407783417935
532,774.3869209809263,0.3849407783417935
533,776.2942779291553,0.3849407783417935
534,778.2016348773842,0.3849407783417935
535,780.108991825613,0.3849407783417935
536,782.016348773842,0.3849407783417935
537,783.9237057220708,0.3849407783417935
538,785.8310626702997,0.3849407783417935
539,787.7384196185286,0.3849407783417935
540,789.6457765667575,0.3849407783417935
541,791.5531335149864,0.3849407783417935
542,793.4604904632154,0.3849407783417935
543,795.3678474114441,0.3849407783417935
544,797.275204359673,0.3849407783417935
545,799.182561307902,0.3849407783417935
546,801.0899182561308,0.3849407783417935
547,802.9972752043597,0.3849407783417935
548,804.9046321525886,0.3807106598984773
549,806.8119891008174,0.3849407783417935
550,808.7193460490463,0.3849407783417935
551,810.6267029972752,0.3849407783417935
552,812.5340599455042,0.3849407783417935
553,814.4414168937329,0.3849407783417935
554,816.3487738419618,0.3849407783417935
555,818.2561307901908,0.3849407783417935
556,820.1634877384196,0.3849407783417935
557,822.0708446866485,0.3849407783417935
558,823.9782016348775,0.3849407783417935
559,825.8855585831062,0.3849407783417935
560,827.7929155313351,0.3849407783417935
561,829.7002724795641,0.3849407783417935
562,831.607629427793,0.3849407783417935
563,833.5149863760217,0.3849407783417935
564,835.4223433242507,0.3849407783417935
565,837.3297002724796,0.3849407783417935
566,839.2370572207084,0.3849407783417935
567,841.1444141689374,0.3849407783417935
568,843.0517711171663,0.3849407783417935
569,844.959128065395,0.3849407783417935
570,846.866485013624,0.3849407783417935
571,848.7738419618529,0.3849407783417935
572,850.6811989100817,0.3849407783417935
573,852.5885558583107,0.3849407783417935
574,854.4959128065395,0.3849407783417935
575,856.4032697547684,0.3849407783417935
576,858.3106267029972,0.3849407783417935
577,860.2179836512262,0.3849407783417935
578,862.1253405994551,0.3849407783417935
579,864.0326975476838,0.3849407783417935
580,865.9400544959128,0.3849407783417935
581,867.8474114441417,0.3849407783417935
582,869.7547683923705,0.3849407783417935
583,871.6621253405995,0.3807106598984773
584,873.5694822888283,0.3807106598984773
585,875.4768392370572,0.3807106598984773
586,877.3841961852862,0.3807106598984773
587,879.291553133515,0.3807106598984773
588,881.1989100817439,0.3807106598984773
589,883.1062670299729,0.3807106598984773
590,885.0136239782016,0.3807106598984773
591,886.9209809264305,0.3807106598984773
592,888.8283378746595,0.3807106598984773
593,890.7356948228883,0.3807106598984773
594,892.6430517711171,0.3807106598984773
595,894.5504087193461,0.3807106598984773
596,896.4577656675749,0.3807106598984773
597,898.3651226158038,0.3807106598984773
598,900.2724795640327,0.3807106598984773
599,902.1798365122617,0.3807106598984773
600,904.0871934604904,0.3807106598984773
601,905.9945504087193,0.3807106598984773
602,907.9019073569483,0.3807106598984773
603,909.8092643051771,0.3807106598984773
604,911.716621253406,0.3849407783417935
605,913.6239782016349,0.3849407783417935
606,915.5313351498637,0.3849407783417935
607,917.4386920980926,0.3849407783417935
608,919.3460490463216,0.3849407783417935
609,921.2534059945505,0.3849407783417935
610,923.1607629427792,0.3849407783417935
611,925.0681198910082,0.3849407783417935
612,926.9754768392371,0.3849407783417935
613,928.8828337874659,0.3849407783417935
614,930.7901907356949,0.3849407783417935
615,932.6975476839237,0.3849407783417935
616,934.6049046321525,0.3849407783417935
617,936.5122615803815,0.3849407783417935
618,938.4196185286104,0.3849407783417935
619,940.3269754768393,0.3849407783417935
620,942.234332425068,0.3849407783417935
621,944.141689373297,0.3849407783417935
622,946.0490463215259,0.3849407783417935
623,947.9564032697547,0.3849407783417935
624,949.8637602179837,0.3849407783417935
625,951.7711171662125,0.3849407783417935
626,953.6784741144413,0.3849407783417935
627,955.5858310626703,0.3849407783417935
628,957.4931880108992,0.3849407783417935
629,959.400544959128,0.3849407783417935
630,961.307901907357,0.3849407783417935
631,963.2152588555858,0.3849407783417935
632,965.1226158038147,0.3849407783417935
633,967.0299727520437,0.3849407783417935
634,968.9373297002725,0.3849407783417935
635,970.8446866485014,0.3849407783417935
636,972.7520435967303,0.3849407783417935
637,974.6594005449591,0.3849407783417935
638,976.566757493188,0.3849407783417935
639,978.474114441417,0.3849407783417935
640,980.3814713896458,0.3849407783417935
641,982.2888283378746,0.3849407783417935
642,984.1961852861036,0.3849407783417935
643,986.1035422343325,0.3849407783417935
644,988.0108991825613,0.3849407783417935
645,989.9182561307902,0.3849407783417935
646,991.8256130790191,0.3849407783417935
647,993.7329700272479,0.3849407783417935
648,995.6403269754768,0.3849407783417935
649,997.5476839237058,0.3849407783417935
650,999.4550408719346,0.3849407783417935
651,1001.3623978201634,0.3849407783417935
652,1003.2697547683924,0.3849407783417935
653,1005.1771117166212,0.3849407783417935
654,1007.0844686648501,0.3828257191201354
655,1008.9918256130791,0.3807106598984773
656,1010.899182561308,0.3807106598984773
657,1012.8065395095367,0.3807106598984773
658,1014.7138964577657,0.3807106598984773
659,1016.6212534059946,0.3807106598984773
660,1018.5286103542234,0.3807106598984773
661,1020.4359673024524,0.3807106598984773
662,1022.3433242506812,0.3807106598984773
663,1024.2506811989101,0.3807106598984773
664,1026.158038147139,0.3807106598984773
665,1028.0653950953679,0.3807106598984773
666,1029.9727520435968,0.3807106598984773
667,1031.8801089918256,0.3807106598984773
668,1033.7874659400545,0.3807106598984773
669,1035.6948228882834,0.3807106598984773
670,1037.6021798365123,0.3807106598984773
671,1039.5095367847412,0.3807106598984773
672,1041.41689373297,0.3807106598984773
673,1043.324250681199,0.3849407783417935
674,1045.2316076294278,0.3849407783417935
675,1047.1389645776567,0.3849407783417935
676,1049.0463215258856,0.3849407783417935
677,1050.9536784741144,0.3849407783417935
678,1052.8610354223433,0.3849407783417935
679,1054.7683923705722,0.3849407783417935
680,1056.675749318801,0.3849407783417935
681,1058.58310626703,0.3849407783417935
682,1060.4904632152588,0.3849407783417935
683,1062.3978201634877,0.3849407783417935
684,1064.3051771117166,0.3849407783417935
685,1066.2125340599455,0.3849407783417935
686,1068.1198910081744,0.3849407783417935
687,1070.0272479564032,0.3849407783417935
688,1071.9346049046321,0.3849407783417935
689,1073.841961852861,0.3849407783417935
690,1075.7493188010899,0.3849407783417935
691,1077.6566757493188,0.3849407783417935
692,1079.5640326975476,0.3849407783417935
693,1081.4713896457765,0.3849407783417935
694,1083.3787465940054,0.3849407783417935
695,1085.2861035422343,0.3849407783417935
696,1087.1934604904632,0.3849407783417935
697,1089.100817438692,0.3807106598984773
698,1091.008174386921,0.3807106598984773
699,1092.9155313351498,0.3807106598984773
700,1094.8228882833787,0.3807106598984773
701,1096.7302452316076,0.3807106598984773
702,1098.6376021798367,0.3807106598984773
703,1100.5449591280653,0.3807106598984773
704,1102.4523160762942,0.3807106598984773
705,1104.3596730245233,0.3807106598984773
706,1106.267029972752,0.3807106598984773
707,1108.1743869209809,0.3807106598984773
708,1110.08174386921,0.3807106598984773
709,1111.9891008174386,0.3807106598984773
710,1113.8964577656675,0.3807106598984773
711,1115.8038147138964,0.3807106598984773
712,1117.7111716621255,0.3807106598984773
713,1119.6185286103541,0.3807106598984773
714,1121.525885558583,0.3807106598984773
715,1123.4332425068121,0.3807106598984773
716,1125.3405994550408,0.3807106598984773
717,1127.2479564032697,0.3807106598984773
718,1129.1553133514988,0.3807106598984773
719,1131.0626702997274,0.3807106598984773
720,1132.9700272479563,0.3807106598984773
721,1134.8773841961854,0.3807106598984773
722,1136.784741144414,0.3807106598984773
723,1138.692098092643,0.3807106598984773
724,1140.599455040872,0.3807106598984773
725,1142.506811989101,0.3807106598984773
726,1144.4141689373296,0.3807106598984773
727,1146.3215258855587,0.3807106598984773
728,1148.2288828337876,0.3807106598984773
729,1150.1362397820162,0.3807106598984773
730,1152.0435967302453,0.3807106598984773
731,1153.9509536784742,0.3807106598984773
732,1155.8583106267029,0.3807106598984773
733,1157.765667574932,0.3807106598984773
734,1159.6730245231608,0.3807106598984773
735,1161.5803814713897,0.3807106598984773
736,1163.4877384196184,0.3807106598984773
737,1165.3950953678475,0.3807106598984773
738,1167.3024523160764,0.3807106598984773
739,1169.209809264305,0.3807106598984773
740,1171.1171662125341,0.3807106598984773
741,1173.024523160763,0.3807106598984773
742,1174.9318801089917,0.3807106598984773
743,1176.8392370572208,0.3807106598984773
744,1178.7465940054497,0.3807106598984773
745,1180.6539509536785,0.3807106598984773
746,1182.5613079019074,0.3807106598984773
747,1184.4686648501363,0.3807106598984773
748,1186.3760217983652,0.3807106598984773
749,1188.283378746594,0.3807106598984773
750,1190.190735694823,0.3807106598984773
751,1192.0980926430518,0.3807106598984773
752,1194.0054495912807,0.3807106598984773
753,1195.9128065395096,0.3849407783417935
754,1197.8201634877385,0.3849407783417935
755,1199.7275204359673,0.3849407783417935
756,1201.6348773841962,0.3849407783417935
757,1203.542234332425,0.3849407783417935
758,1205.449591280654,0.3849407783417935
759,1207.3569482288829,0.3849407783417935
760,1209.2643051771117,0.3849407783417935
761,1211.1716621253406,0.3849407783417935
762,1213.0790190735695,0.3849407783417935
763,1214.9863760217984,0.3849407783417935
764,1216.8937329700273,0.3849407783417935
765,1218.8010899182561,0.3849407783417935
766,1220.708446866485,0.3849407783417935
767,1222.615803814714,0.3849407783417935
768,1224.5231607629428,0.3849407783417935
769,1226.4305177111717,0.3849407783417935
770,1228.3378746594005,0.3849407783417935
771,1230.2452316076294,0.3849407783417935
772,1232.1525885558583,0.3849407783417935
773,1234.0599455040872,0.3849407783417935
774,1235.967302452316,0.3849407783417935
775,1237.874659400545,0.3849407783417935
776,1239.7820163487738,0.3849407783417935
777,1241.6893732970027,0.3849407783417935
778,1243.5967302452316,0.3849407783417935
779,1245.5040871934605,0.3849407783417935
780,1247.4114441416893,0.3849407783417935
781,1249.3188010899182,0.3849407783417935
782,1251.226158038147,0.3849407783417935
783,1253.133514986376,0.3849407783417935
784,1255.0408719346049,0.3849407783417935
785,1256.9482288828337,0.3849407783417935
786,1258.8555858310626,0.3891708967851102
787,1260.7629427792915,0.3891708967851102
788,1262.6702997275204,0.3891708967851102
789,1264.5776566757493,0.3891708967851102
790,1266.4850136239781,0.3891708967851102
791,1268.392370572207,0.3891708967851102
792,1270.299727520436,0.3891708967851102
793,1272.207084468665,0.3891708967851102
794,1274.1144414168937,0.3891708967851102
795,1276.0217983651225,0.3891708967851102
796,1277.9291553133517,0.3891708967851102
797,1279.8365122615803,0.3891708967851102
798,1281.7438692098092,0.3891708967851102
799,1283.6512261580383,0.3891708967851102
800,1285.558583106267,0.3891708967851102
801,1287.4659400544958,0.3891708967851102
802,1289.373297002725,0.3891708967851102
803,1291.2806539509536,0.3891708967851102
804,1293.1880108991825,0.3891708967851102
805,1295.0953678474114,0.3891708967851102
806,1297.0027247956405,0.3891708967851102
807,1298.9100817438691,0.3891708967851102
808,1300.817438692098,0.3891708967851102
809,1302.724795640327,0.3891708967851102
810,1304.6321525885558,0.3891708967851102
811,1306.5395095367846,0.3891708967851102
812,1308.4468664850137,0.3891708967851102
813,1310.3542234332424,0.3891708967851102
814,1312.2615803814713,0.3891708967851102
815,1314.1689373297004,0.3891708967851102
816,1316.0762942779293,0.3891708967851102
817,1317.983651226158,0.3891708967851102
818,1319.891008174387,0.3891708967851102
819,1321.798365122616,0.3891708967851102
820,1323.7057220708446,0.3891708967851102
821,1325.6130790190737,0.3849407783417935
822,1327.5204359673025,0.3849407783417935
823,1329.4277929155312,0.3891708967851102
824,1331.3351498637603,0.3891708967851102
825,1333.2425068119892,0.3891708967851102
826,1335.149863760218,0.3891708967851102
827,1337.0572207084467,0.3891708967851102
828,1338.9645776566758,0.3891708967851102
829,1340.8719346049047,0.3891708967851102
830,1342.7792915531334,0.3891708967851102
831,1344.6866485013625,0.3891708967851102
832,1346.5940054495914,0.3891708967851102
833,1348.50136239782,0.3891708967851102
834,1350.408719346049,0.3891708967851102
835,1352.316076294278,0.3891708967851102
836,1354.2234332425069,0.3891708967851102
837,1356.1307901907358,0.3849407783417935
838,1358.0381471389646,0.3849407783417935
839,1359.9455040871935,0.3849407783417935
840,1361.8528610354224,0.3849407783417935
841,1363.7602179836513,0.3849407783417935
842,1365.6675749318802,0.3849407783417935
843,1367.574931880109,0.3849407783417935
844,1369.482288828338,0.3849407783417935
845,1371.3896457765668,0.3849407783417935
846,1373.2970027247957,0.3849407783417935
847,1375.2043596730246,0.3849407783417935
848,1377.1117166212534,0.3849407783417935
849,1379.0190735694823,0.3849407783417935
850,1380.9264305177112,0.3849407783417935
851,1382.83378746594,0.3849407783417935
852,1384.741144414169,0.3849407783417935
853,1386.6485013623978,0.3849407783417935
854,1388.5558583106267,0.3849407783417935
855,1390.4632152588556,0.3849407783417935
856,1392.3705722070845,0.3849407783417935
857,1394.2779291553134,0.3849407783417935
858,1396.1852861035422,0.3849407783417935
859,1398.0926430517711,0.3849407783417935
860,1400.0,0.3849407783417935
